Epoch,Loss
1,2.2025110722198837
2,0.32217640675543274
3,0.2109860701668725
4,0.13873917757741913
5,0.13382468352369123
6,0.09084388283677529
